index,regex
9,G.A*[GTC]?T
4,T+?.GGC.+
3,G?A*[CGAT]G[CGTA]C
7,[TAC]C*?A
5,TG*?G*GAA
1,GGTGGGA*?CTA*G
7,.A
3,A{3}GTAGCAC.?
8,[CA]G+?
8,G{3}[TAC]C
7,A*?.+?
10,[CGTA].A+G
5,TC[CT]AGG?
5,G*GG.[GCAT][AGT]T
8,C
4,ATG+CCTG?G+
3,A.?TA?.{2}
1,.CC?AC*CG*?AG
3,GT+?[GTCA]C*?
4,.+
4,G..[CGAT]{2}T
1,.TT*C.{3}C
5,C.C{1}.C?TTG
6,GC+[GT][AGTC].[GA]?
13,[CAGT].A
1,GA.GTCT*.*[GC]AAG
5,T.CT[ACT]GA[TGA]GA
3,C{4}CA?[ATCG]A
1,[GAC]*AT{3}C..
6,[TGA][TCG]?C
4,.+T+G?G+
3,GG{2}C?..
12,G
1,A.?CACT.*.CA+
7,AAA.{2}
12,.
2,T?GC+.C..{3}
7,TCC[CGA]C[GATC]+?[GTAC]
5,T*T+?TG*?
1,.C*[TGAC].*.?CG[ACTG][CTAG]G
1,.+?.C+[CA]T{4}
1,TGTAT{2}G*?G+
2,.+AG+A.?.?C.
1,GG+AATA[TCA][AT]G+[CGT]G*A
8,.G.[GT]C.GT
8,.[TAGC][CTGA].*A*
12,T
3,A{2}.*.*A*?GC
1,.{1}G{4}.C+
1,.CA+T.TTG*CGC
3,[ACTG]C+[TAGC][ACGT]
2,.{3}
4,.A+
11,T[ATGC][GTC]{2}
2,AG.TCCGA?A?T{1}
6,G
12,.{3}
1,CTGTTT.CAG+?
2,[AGT]GA[CA]C{2}
7,[AG][AGC]{3}CT
5,[TCG]*C+[CGT]A
9,.A[GAT]C[CAT]T*
4,.?T[TACG]
1,.A+C[CATG]G.TG+C.GT*
2,T
5,[AT]TGAA[CA]{3}
1,AAG[TGCA]C?TT{1}[TG]G
3,CA*AC?A
1,CT..?.{1}?A*TT
4,C.TTC[ATG]C[TAG]T[CATG]
6,C?[CT].[GC]T.G
9,..[TACG]+?G
7,C[GCTA]
2,A*.{3}.[GC]GG?
3,[GTAC]{2}[TGA].
1,GTT*G*C.T?.+?
1,.C{2}G+A[ACGT][ATCG]C?A.C*
1,TA+?ATG
5,C*A?A[CGA]G?G
12,G
1,T+A.+CC.?
2,G[AT][CT]+T?
3,C[GAC].GGT
2,C[CG]?TGTT{4}[ATGC]*
3,C.+?GTC
5,A[TC]+[CT]{3}.CC
10,[AT]A*?
3,[ACGT]T.A{1}C.?
9,G{2}[AGT]
7,T*T.G
1,A*
1,CA?TA[ATC]A{1}T{1}G.TA?
2,G{1}
5,GA.+GC*?T
1,A.A.T.*.CT.A+
3,.+?GAG+C+A?AC
8,.T?A+
1,[GA].[AT]TA{1}.+.AA
4,CA*AA+.G.?
3,[GC]G{4}T*G{4}
6,[AT]{1}.[AGT]
2,C*AT*?GAAC.
2,TC{1}[GTCA].?A+C[AG]T.GT
1,C*AAG.
1,G?C.{4}AG{2}TT
5,G{4}.?
6,CG+T*
10,T{1}
1,ATCA.*GG
3,[CT]+A{3}?.{4}
2,.GC*[TC]+?C*G*
4,CA.T[TC]CG.
6,C[TAC]
10,[TAG][GATC]+?
1,CAT[CT]C+.TG[TCAG]T
1,TG.A+.
4,C?T?ACG.?TG
2,A*C*T..
1,[CTAG]GTG*AACA[GACT]T*?
2,T[GAT]?[ATCG]*[TA]C
2,T[GTAC]T
3,[CATG]*CACTG*.
2,[GCTA]G+AT?A+G+[GC]?.
5,.{3}
5,T[TAGC]
6,C*A*T?
5,AGAT*?A+TA
13,T*
2,T..*G{1}?GT+T
12,[ATC]T[GCT]
4,A{1}
9,[ATGC].+?C
12,G[GCTA][CT]
3,TA*?.C*?TGA
1,C+.A.A.GCT
11,.{4}
2,.GTCGAC.[CA]C+?TG
4,T+TA[AT]*A+C[TCGA]T
1,ATA{2}?C+T?GTA
8,C?G.AAC*
2,[CA]CA*?TG[GTCA].[GCTA]*TA+
2,CA{2}ACT?G.{1}.
1,GT?.+?AGTT*?T
2,TA{4}T+.*
1,AT*A?GTTC+CA.
1,CG*G.G?GG.+C.
2,.?G
5,A{2}TT[AGC].+
2,TGT{2}C
5,CCCA[GCT][CAT]*
6,C{2}
3,[GTAC]C[CAG]
3,CAT*C?G*?
5,TC[GT]C*.+T.
5,[TGA][TGA]+
1,T?T.G?..
1,A.[ACT]?G*TT{4}C.G
2,.A?TT[GCA]?
2,A{4}
2,A*TA?CTGCG+?
10,C{4}[CGAT]
1,CGG[AT]G.[AG]GA*
4,G{2}C*[GAC]
4,T?C?T
6,A[TCG]
2,G+G*?C[AT]?.A
2,CCT*T?A*.+
1,GC?AAC?.CG?CAC.
11,.{3}
4,A.+CGG*TA.
1,T*GT?ATAC+[TAC]*?C
7,A[ACTG]
1,AAACG+.*?T.?G?
6,.{4}
3,T?AA.C[GC]
9,.+[GAC]C*A
1,[ATGC]{3}G+.*
2,.G{1}AGAC?AA
1,G[ATC]{3}[CAG]+.+?.
7,T[CTGA]+[CATG]*[AC]A
1,G+?[CTGA]G.?G
1,GC{4}C*GAGA?
2,.T*AT[AGC]?.A+C+A
1,G.{3}G.C{3}TT
1,CTGA*?
11,A[ACG]C
9,.A*?.G
3,GGCG+[TACG]*GTGC[TA]+
10,[TAGC]T{2}
5,[TAGC]...C*
1,GGC?A[GCTA]{1}TTC{4}
5,A+CA
10,A{1}
7,[ATG]AT[CTGA]?
2,[GT]C
1,[ATCG]{3}T
7,.GC?.TA*
3,[TCAG]{2}C[GT]
2,GGTT?T?ACA*T*T
1,CA*?A.CC..AG+
11,[CATG]*?
4,T?
1,[GTAC]TT+TG.C?AT.?[CA]
2,.{1}
2,G{4}A{3}CA
2,A*?T+A
8,[GCTA]TA{4}T
2,TA{3}T+
5,AAA?[CAG]T{3}
6,G.[ATG]*T
4,G*?T.?[CTA]
9,[GCT]{1}
11,T?
3,[TAGC]*..[TA]?..G.G
5,CT+G?[CAT]TA+.A
10,G.+?
4,.{2}
1,T*?T[CT]C{1}GAA+A
2,C.T[CATG]TC.T+C?
3,AC?C.CG{2}[CTAG]?G
9,.
11,C+GT
7,A[GAC]?C
6,A+?T
10,AAA?
3,GCC*CATG*
1,T*AG{2}GC?
5,AG.?G*G+G[TCG]A
2,C*T*T*.?
14,G
2,[ATCG]T*G+[ACG][TAG]+C
2,A*..
9,C[AGCT]+CGA
2,.{2}T+AGT[AG]..
6,[TC]*?TA{1}A+?
1,ATGA*G{2}GG[GACT]
9,[TG].
6,T{1}
3,A?C{2}T*
4,T[CGAT]{2}
6,AG*
10,T[ATGC]AAGA
1,T+G*..+G?T*.+?
2,A+CC*?[AT]T*T
1,[GATC]*A+?C
1,GA{2}?CA+?GC*
13,T
13,C?A
11,.{3}
3,G..T*CA{2}CG
9,G{1}
1,T{2}A?CAG+T?AT?C
1,TGT+CC*T+
13,A[AG][CAG]
9,AA+G*
8,[TAC]?
3,G*C.AGC+.T
2,GTC+A{1}A.TGA
4,.*[CTAG]G
3,CT[AG][AG].CG?G.*
1,CC.A?GGA*T[TA][TG]+?
2,ATC.A.GAA{2}C+G
7,G[CAGT]T?G*.*
1,.+T{2}?A[TGCA]{2}.?
1,G[GT]*G*T?[CAG][CTGA]+?CT
2,CCCGTTT*.*GT
14,G
7,.[AT]?T*?[AC]+
2,[TAG]GAAAAA[ACGT]C?TG
9,A
2,A*[CT].{2}.
13,G
8,..?A
3,AC?A*C+TA?.
2,.A.G*.G[TAC]{2}[ACTG]*.G
3,[AG][GAC]C{3}
10,C[TAGC][TCG]{1}
7,[CT]..+C[TG]?.
4,CAT{2}G+A?C
6,G
2,[TC]{1}.A?AT+G
1,[ATC]*[TCAG]C.AG+G.?A*T
3,GAGTCT+CT*
4,[CAGT]{2}G
9,[AGT]G
2,[TGAC]+[TCAG]A.G.
1,[CGA]TGTAC*CT+
4,GTCT+G*G
2,GGG?[AGCT][CGA]GT?T[CTA].AC
3,G{4}
5,..?C{4}G
3,C?G{2}[GCTA][GAC]
3,G+CC[GTCA]?A[CAG]G
10,[TGA]C
7,A*G.[GC][GA]
4,[CG]{2}A{3}.+?
1,TG{2}.CT?AT?.
2,T?CT[TA]A
3,T?.G+G?T.
7,[TA]{1}
8,C*A{3}
2,GTCT.+G*T*T?A
14,A
1,G
3,T[TCG][CT]
10,C+?AAA
4,ACG+?..CC*T
5,G
5,[GT]TG*.
6,.+G*..?AC
1,.TA.CA.?GA.?GAA
4,T+?C*
1,C[TC]ATG{1}ATTG?T*
2,AGC+A*GT.?G
4,GGC*.CG{4}
6,C{3}C.T*
4,AG?T+C{1}.AG
13,G
12,G
10,AC
3,CAA+.T[GAC]*CGT
2,G[ATGC]{1}
1,G[AC]GG{1}?.TA
11,C{3}
10,[TG]C[TAC]
1,AG?.TT.C*
10,T
2,C?A?.C*T+
9,[TCG]+C[CT][AGCT]+C
2,[TA][TACG]C.
6,C*.
4,C{1}
5,[AGC]+C+.G
1,A
5,[TA]CG[GC]?
1,T.A*?CC.+?AG
9,A
8,.C+..
5,[TCGA]T*?[TGA][AC]+..
7,.GT.C
8,T.A
5,T[CT][GCA]?AGA.+
1,GTGT?GC*CG+?.T
13,T[CGT][TAGC]
3,.T+C{2}TTA*
13,.{1}
1,[TAC]G+TAAG.G*?.
4,A..T.
2,.+A+T[AC][GCAT]
7,[GCT]C
3,[ACTG]AGTT{3}GT.
2,A{4}T*T{1}?
2,G..T+?[TG]?CTCTCA
1,C+G+G+G?C
8,A{2}
2,.?AGGCC{3}C*
5,TC*T
4,A..[AGCT]{2}[GCT]
2,.?A?GG{3}
4,A[TA].[GAC]
8,[GT]+
3,.*ACA{1}T.*[TCA]+G+
6,[TGAC]T?GC{3}
5,A[GTA]AG
5,[ACGT]+T.[CATG]G[CAGT]
10,[AGTC]T
4,A*.?T?CT*
4,[CTG]G[GTC]+A{4}A
5,CG+?[TCGA]+A+.[CTAG]A
3,[CGTA].*.C*
2,T*T+C.CG+.CG+A
2,T[CAGT]AG+AT*?[ATCG]
1,ATCG+?A[TAGC]A.{1}?T
2,CTCT[CATG]G[ATGC]+T.?G[GACT]
7,G[AGT]C+[AGC]{2}?.
4,[AGT]*[TCG]T*C[CG]
1,T.+[TCG]
3,.C+.C.T.?TC+
4,[TA]+?
4,AC{1}.CA+CTT
4,.[CG]G?T[AGCT]CC+G[AT]
1,C{4}G*.+..+?
2,A+?AGG.[TGA].
2,A[ATGC].*..AACA+?.[AG]
7,CAG.*?[GAC]?
3,C{4}
1,AG?[GC]GTAC?.+[GATC].T
7,CG
4,TT[TCGA]..
7,[AGCT]A[TG]
2,A
7,G
1,.G*.*TTC+GCTTT
7,TA[CT][CGA]{2}
14,C[TG]
2,.C.?C
1,C..CT?CCG+.
7,AA{4}T
3,GG+?G?AC+T
8,TC{3}
7,[TGC]G+T*.C
9,T+
1,T+CG.AA{3}C.?
6,G?T+GTT
7,TG{3}?
2,CAT?AAC*?A?C.*
13,C
4,A
10,G?.[AGCT]{1}[GACT]
3,.
1,[CGTA][TAG]{3}?
11,A[CATG]
8,G{3}
1,CG{4}A*C.*C[TG]
1,A*[GTCA]CC
2,A+[TA].GC*?
4,GG[TCA].{3}.[TA]A+
6,A{2}A?[GT]
1,TA+[TGAC]*T{4}.
2,[CG]{1}
6,AGA.AGA{1}G
1,T{2}A{4}T?
10,[AGC]{4}A
7,CC.TGA*CT
11,[ACTG]*
6,A*[CGTA]G?T*.G
3,..A*C+?T+T
14,.
2,GT{3}?G[ACT]*G+[ATGC]+
7,[GA]{3}.
2,[AC]CC.C{1}AGG[CATG]
4,[AG]*[TC].{4}?
4,TGT*.{1}A*.*
8,[CGAT].[ACT]{1}
9,[TGAC][CG]C
5,[TC]*T{4}
2,ATTG*T[TG]*A?
1,TA.{3}T?T+.?C?.
3,[CGA].[CG]
2,GG+C.*?T{2}C
1,A?A+A{2}G{2}[CGT]CGAC
7,G?T[TAGC]TGC*
2,TG[GTA][CT]CGAGA?[GCTA]AC
8,CA
1,.+[TACG]A{4}?G?C.[TCGA]
2,GT*C[GCT]CCGAG+G*
10,.{2}[GC]
3,C[CA][TC]TC[CGA]?T
8,C{1}T.C?
2,[TACG]{3}C?A{2}?
6,C+G.{3}
2,T{2}[GC]*T{3}
3,CTG+
2,.*A*?CG+?G*A
3,G?G+?.?.CC
1,AG*.+.{2}.AT.+
9,.{3}
5,A{2}[ACGT]C[AGCT]G
4,.A+?CG.*C
3,T
3,[TCGA]G[CGT].
7,T{4}
7,C*?[TCA]C
6,T.TTA+
4,[ATCG]{2}A{3}
5,G
4,GGAC.[GC]+[TCGA]?[TCAG]?
6,AC?CTC+A?T
4,[TC]?[CT][GACT]
5,C
1,T+C?G*[TCGA]{2}GT
1,T*A[GTAC]*CAGAA[ATG][GCAT]A
1,G.CCG?AG
4,[CATG]?AG[AT]
2,A?GT?T.*.A*T
3,T{2}A{4}
4,[ACG][CA].[ATC]
9,GC[TCAG]+
5,[CAGT]C*[ATCG]*
13,.{2}
8,C{1}
4,T{2}
4,T+[GTA]GGA?G*C[CTGA]A
2,GA?AT+C{4}
7,C[TC]
4,CACGTTA*[AT][TG]
11,[CT][TAG].
1,.AG..A[GCTA]G.?.CG*
11,.A?T
2,TC+.A
1,A*?TG*G?AT+C+?
1,C[ACGT]AC+[GCA]CA?CG
2,[ATC]CC*A
9,C[CG][TCG]
1,A?ATAC?TCTTAT.
5,C[ATCG][TGA][GATC]CC
2,AA[CT]AT{2}.G+GA
4,GATAG.[CAG]?.*G
2,.{3}.C?[GAT]A+
1,CGTA+?
